0000027996-26-000104	wk-form4_1781708119.xml	0001701995
0000027996-26-000106	wk-form4_1781708406.xml	0002031039
0000059478-26-000057	wk-form4_1781640856.xml	0001343564
0000059478-26-000059	wk-form4_1781641479.xml	0001455792
0000354963-26-000185	form4.xml	0001914490
0000354963-26-000186	form4.xml	0001490436
0000354963-26-000187	form4.xml	0001361555
0000354963-26-000188	form4.xml	0001697225
0000354963-26-000189	form4.xml	0002031312
0000354963-26-000190	form4.xml	0001680184
0000750686-26-000041	wk-form4_1782236382.xml	0002049001
0000750686-26-000042	wk-form4_1782236390.xml	0001656491
0000750686-26-000043	wk-form4_1782236395.xml	0001955392
0000750686-26-000044	wk-form4_1782236401.xml	0002057292
0000769397-26-000052	wk-form4_1782167032.xml	0001415529
0000858877-26-000100	wk-form4_1781651707.xml	0001623646
0000904454-26-000354	edgar.xml	0001201520
0000904454-26-000356	edgar.xml	0001830576
0000904454-26-000358	edgar.xml	0001227050
0000906107-26-000021	form4.xml	0001538554
0000906107-26-000022	form4.xml	0001821096
0000906107-26-000025	form4.xml	0001794630
0000906107-26-000028	form4.xml	0001345978
0000914190-26-000098	form4.xml	0001179697
0000921895-26-001682	form406297282sun_06252026.xml	0002012004
0000947871-26-000623	ownership.xml	0002019147
0001042557-26-000008	wk-form4_1781208450.xml	0001042557
0001083181-26-000003	form4-06042026_010600.xml	0001083181
0001104659-26-068948	tm2616332-1_4seq1.xml	0001086742
0001104659-26-069576	tm2616526-1_4seq1.xml	0001652486
0001104659-26-069577	tm2616526-2_4seq1.xml	0001874417
0001104659-26-069579	tm2616526-3_4seq1.xml	0001874431
0001104659-26-069581	tm2616526-4_4seq1.xml	0001878814
0001104659-26-069583	tm2616526-5_4seq1.xml	0001874438
0001104659-26-076443	tm2618454-1_4seq1.xml	0001409360
0001104659-26-078381	tm2619104-1_4seq1.xml	0002006583
0001104659-26-078382	tm2619104-2_4seq1.xml	0001902351
0001104659-26-078383	tm2619104-3_4seq1.xml	0001902350
0001104659-26-078384	tm2619104-4_4seq1.xml	0001977859
0001104659-26-078385	tm2619104d5_4seq1.xml	0001445756
0001105602-26-000010	wk-form4_1781208604.xml	0001105602
0001116268-26-000013	wk-form4_1781651462.xml	0001116268
0001180770-26-000003	wk-form4_1780436653.xml	0001180770
0001182051-26-000008	ownership.xml	0001182051
0001193125-26-252375	ownership.xml	0000935679
0001193125-26-253451	ownership.xml	0001366433
0001193125-26-253452	ownership.xml	0001335344
0001193125-26-253455	ownership.xml	0001320940
0001193125-26-253456	ownership.xml	0001049506
0001193125-26-253457	ownership.xml	0001182714
0001193125-26-253458	ownership.xml	0001832610
0001193125-26-253460	ownership.xml	0001306297
0001193125-26-253461	ownership.xml	0001187314
0001193125-26-253464	ownership.xml	0001110176
0001193125-26-253465	ownership.xml	0001212607
0001193125-26-253466	ownership.xml	0001851420
0001193125-26-253468	ownership.xml	0001393207
0001193125-26-253470	ownership.xml	0001827169
0001193125-26-253474	ownership.xml	0002092279
0001193125-26-255971	ownership.xml	0001216231
0001193125-26-255974	ownership.xml	0001519537
0001193125-26-257364	ownership.xml	0001242843
0001193125-26-257378	ownership.xml	0002016319
0001193125-26-260158	ownership.xml	0001188791
0001193125-26-260160	ownership.xml	0001917029
0001193125-26-271889	ownership.xml	0000935679
0001193125-26-272680	ownership.xml	0001219923
0001193125-26-277553	ownership.xml	0001613867
0001194106-26-000007	wk-form4_1781215573.xml	0001194106
0001197000-26-000006	wk-form4_1782166757.xml	0001197000
0001213900-26-064468	ownership.xml	0001658783
0001213900-26-064469	ownership.xml	0001658786
0001214606-26-000009	wk-form4_1781209132.xml	0001214606
0001214659-26-007695	marketforms-73454.xml	0001310643
0001214659-26-007696	marketforms-73457.xml	0001272211
0001214659-26-007697	marketforms-73455.xml	0001219700
0001214659-26-007709	marketforms-73460.xml	0001455952
0001215150-26-000008	wk-form4_1781208341.xml	0001215150
0001218163-26-000003	wk-form4_1781215699.xml	0001218163
0001219871-26-000003	wk-form4_1781813248.xml	0001219871
0001222650-26-000002	primarydocument.xml	0001222650
0001224316-26-000002	form4-06092026_040618.xml	0001224316
0001225208-26-005684	doc4.xml	0001379264
0001225208-26-005685	doc4.xml	0001620924
0001228718-26-000004	wk-form4_1782166768.xml	0001228718
0001240076-26-000002	primarydocument.xml	0001240076
0001243126-26-000004	wk-form4_1780344668.xml	0001243126
0001252544-26-000011	wk-form4_1781208651.xml	0001252544
0001256358-26-000002	wk-form4_1782166778.xml	0001256358
0001262388-26-000012	wk-form4_1781641539.xml	0001262388
0001285785-26-000081	wk-form4_1780356216.xml	0001190588
0001285785-26-000084	wk-form4_1780356237.xml	0001392152
0001285785-26-000085	wk-form4_1780356242.xml	0001202864
0001291937-26-000003	wk-form4_1781812963.xml	0001291937
0001292209-26-000008	ownership.xml	0001292209
0001299140-26-000010	primarydocument.xml	0001299140
0001300572-26-000008	wk-form4_1781208554.xml	0001300572
0001310215-26-000011	wk-form4_1781640779.xml	0001310215
0001319245-26-000010	ownership.xml	0001319245
0001373147-26-000008	ownership.xml	0001373147
0001385262-26-000015	ownership.xml	0001385262
0001403625-26-000009	wk-form4_1780347342.xml	0001403625
0001437749-26-019032	rdgdoc.xml	0001059231
0001437749-26-019994	rdgdoc.xml	0001813667
0001437749-26-020037	rdgdoc.xml	0001384550
0001437749-26-021444	rdgdoc.xml	0001813667
0001437749-26-021484	rdgdoc.xml	0001384550
0001444238-26-000010	wk-form4_1781208394.xml	0001444238
0001492275-26-000009	wk-form4_1782166784.xml	0001492275
0001493152-26-030151	ownership.xml	0001617460
0001493152-26-030154	ownership.xml	0001368298
0001501578-26-000004	ownership.xml	0001501578
0001527821-26-000002	primarydocument.xml	0001527821
0001528088-26-000002	primarydocument.xml	0001528088
0001560849-26-000005	wk-form4_1782166773.xml	0001560849
0001583058-26-000008	ownership.xml	0001583058
0001590364-26-000068	wk-form4_1781554508.xml	0001203254
0001590364-26-000069	wk-form4_1781554514.xml	0001183382
0001590364-26-000070	wk-form4_1781554519.xml	0000939713
0001602273-26-000010	ownership.xml	0001602273
0001628280-26-039795	wk-form4_1780431128.xml	0001295366
0001628280-26-039799	wk-form4_1780431171.xml	0001254782
0001628280-26-039806	wk-form4_1780431659.xml	0001671123
0001628280-26-039853	wk-form4_1780434331.xml	0001140799
0001628280-26-039858	wk-form4_1780434364.xml	0001581262
0001628280-26-039859	wk-form4_1780434371.xml	0001228062
0001628280-26-039861	wk-form4_1780434379.xml	0001230175
0001628280-26-039865	wk-form4_1780434410.xml	0001685596
0001628280-26-040777	wk-form4_1780603728.xml	0001032809
0001628280-26-040778	wk-form4_1780603733.xml	0001777324
0001628280-26-040779	wk-form4_1780603739.xml	0001689690
0001628280-26-040780	wk-form4_1780603744.xml	0001777099
0001662103-26-000002	wk-form4_1780436576.xml	0001662103
0001678725-26-000002	primarydocument.xml	0001678725
0001693472-26-000001	primary_doc.xml	0001693472
0001712189-26-000049	form4.xml	0001409360
0001769664-26-000008	ownership.xml	0001769664
0001777907-26-000001	primary_doc.xml	0001777907
0001784171-26-000003	wk-form4_1781651649.xml	0001784171
0001788899-26-000004	wk-form4_1782166790.xml	0001788899
0001822993-26-000085	form4.xml	0001876346
0001822993-26-000090	form4.xml	0001527888
0001822993-26-000092	form4.xml	0001180591
0001827255-26-000004	wk-form4_1781215944.xml	0001827255
0001839505-26-000002	primarydocument.xml	0001839505
0001847946-26-000008	wk-form4_1782166762.xml	0001847946
0001850671-26-000014	wk-form4_1781209576.xml	0001850671
0001864193-26-000002	ownership.xml	0001864193
0001867327-26-000002	ownership.xml	0001867327
0001894030-26-000010	wk-form4_1781208498.xml	0001894030
0001910332-26-000006	primarydocument.xml	0001910332
0001910479-26-000010	ownership.xml	0001910479
0001911373-26-000002	primarydocument.xml	0001911373
0002006183-26-000002	wk-form4_1781215758.xml	0002006183
0002018686-26-000008	form4-06222026_080600.xml	0002018686
0002058781-26-000002	wk-form4_1782166795.xml	0002058781
0002096414-26-000002	primarydocument.xml	0002096414
0002096423-26-000002	primarydocument.xml	0002096423
0002096815-26-000002	primarydocument.xml	0002096815
0002104052-26-000103	wk-form4_1781728323.xml	0001380533
